Label,# Samples,Average,Median,90% Line,95% Line,99% Line,Min,Max,Error %,Throughput,Received KB/sec,Sent KB/sec
basic_test_pdf_converter_6000U_600R_1L_195_CL:HTTP Request,6000,245839,248001,417931,437547,453924,1795,461202,0.167%,5.74627,0.76,1.18
TOTAL,6000,245839,248001,417931,437547,453924,1795,461202,0.167%,5.74627,0.76,1.18
