Label,# Samples,Average,Median,90% Line,95% Line,99% Line,Min,Max,Error %,Throughput,Received KB/sec,Sent KB/sec
basic_test_pdf_converter_300U_60R_1L_195_CL:HTTP Request,300,30250,32583,40645,42801,45447,10106,46534,0.000%,3.31998,0.44,0.68
TOTAL,300,30250,32583,40645,42801,45447,10106,46534,0.000%,3.31998,0.44,0.68
