Label,# Samples,Average,Median,90% Line,95% Line,99% Line,Min,Max,Error %,Throughput,Received KB/sec,Sent KB/sec
basic_test_pdf_converter_14000U_600R_1L_40_CL:HTTP Request,14000,55033,53549,93219,113026,119363,1247,125744,0.000%,19.47807,2.59,4.01
TOTAL,14000,55033,53549,93219,113026,119363,1247,125744,0.000%,19.47807,2.59,4.01
