Label,# Samples,Average,Median,90% Line,95% Line,99% Line,Min,Max,Error %,Throughput,Received KB/sec,Sent KB/sec
basic_test_pdf_converter_4000U_600R_1L_195_CL:HTTP Request,4000,126235,130199,199679,204783,210009,2352,216659,0.000%,5.06386,0.67,1.04
TOTAL,4000,126235,130199,199679,204783,210009,2352,216659,0.000%,5.06386,0.67,1.04
