Label,# Samples,Average,Median,90% Line,95% Line,99% Line,Min,Max,Error %,Throughput,Received KB/sec,Sent KB/sec
basic_test_pdf_converter_14000U_600R_1L_65.99.1_CL:HTTP Request,14000,58505,63786,70562,72211,76609,1279,106456,0.000%,21.32908,2.83,4.39
TOTAL,14000,58505,63786,70562,72211,76609,1279,106456,0.000%,21.32908,2.83,4.39
