Label,# Samples,Average,Median,90% Line,95% Line,99% Line,Min,Max,Error %,Throughput,Received KB/sec,Sent KB/sec
basic_test_pdf_converter_16000U_600R_1L_40_CL:HTTP Request,16000,80710,85610,130397,135463,139308,908,145760,0.000%,21.50818,2.86,4.43
TOTAL,16000,80710,85610,130397,135463,139308,908,145760,0.000%,21.50818,2.86,4.43
