Label,# Samples,Average,Median,90% Line,95% Line,99% Line,Min,Max,Error %,Throughput,Received KB/sec,Sent KB/sec
basic_test_pdf_converter_12000U_600R_1L_65.99.1_CL:HTTP Request,12000,97009,107190,156846,159258,163775,761,176748,0.000%,15.86899,2.11,3.27
TOTAL,12000,97009,107190,156846,159258,163775,761,176748,0.000%,15.86899,2.11,3.27
