Label,# Samples,Average,Median,90% Line,95% Line,99% Line,Min,Max,Error %,Throughput,Received KB/sec,Sent KB/sec
basic_test_pdf_converter_16000U_600R_1L_65.99.1_CL:HTTP Request,16000,18646,19181,28374,29927,33185,228,50122,0.000%,25.24328,3.35,5.20
TOTAL,16000,18646,19181,28374,29927,33185,228,50122,0.000%,25.24328,3.35,5.20
