Label,# Samples,Average,Median,90% Line,95% Line,99% Line,Min,Max,Error %,Throughput,Received KB/sec,Sent KB/sec
basic_test_pdf_converter_12000U_600R_1L_40_CL:HTTP Request,12000,140142,136735,240441,273142,289244,927,294619,0.000%,13.50982,1.79,2.78
TOTAL,12000,140142,136735,240441,273142,289244,927,294619,0.000%,13.50982,1.79,2.78
