Label,# Samples,Average,Median,90% Line,95% Line,99% Line,Min,Max,Error %,Throughput,Received KB/sec,Sent KB/sec
basic_test_pdf_converter_14000U_600R_1L_65.99.1_CL:HTTP Request,14000,58423,60819,68706,71506,78658,748,124902,0.000%,21.45545,2.85,4.42
TOTAL,14000,58423,60819,68706,71506,78658,748,124902,0.000%,21.45545,2.85,4.42
