Label,# Samples,Average,Median,90% Line,95% Line,99% Line,Min,Max,Error %,Throughput,Received KB/sec,Sent KB/sec
basic_test_pdf_converter_4000U_600R_1L_195_CL:HTTP Request,4000,56458,57559,84392,88590,96113,2335,105045,0.000%,5.91797,0.79,1.22
TOTAL,4000,56458,57559,84392,88590,96113,2335,105045,0.000%,5.91797,0.79,1.22
