Label,# Samples,Average,Median,90% Line,95% Line,99% Line,Min,Max,Error %,Throughput,Received KB/sec,Sent KB/sec
basic_test_pdf_converter_4000U_600R_1L_195_CL:HTTP Request,4000,76916,79506,118775,124729,132111,1536,144651,0.000%,5.68800,0.76,1.17
TOTAL,4000,76916,79506,118775,124729,132111,1536,144651,0.000%,5.68800,0.76,1.17
