Label,# Samples,Average,Median,90% Line,95% Line,99% Line,Min,Max,Error %,Throughput,Received KB/sec,Sent KB/sec
basic_test_pdf_converter_24000U_600R_1L_65.99.1_CL:HTTP Request,24000,237174,251407,359082,374468,396917,725,422686,9.375%,24.31140,7.58,4.54
TOTAL,24000,237174,251407,359082,374468,396917,725,422686,9.375%,24.31140,7.58,4.54
